001.20	 στοάν;	 στοάν	 στοάν	 στοά
002.15	 ἐμοί.	 ἐμοί	 ἐμοί	 ἐγώ
003.11	 γραφήν.	 γραφήν	 γραφήν	 γραφή
004.02	 φῄς;	 φῄς	 φῄς	 φημί
005.06	 γέγραπται·	 γέγραπται	 γέγραπται	 γράφω
006.08	 ἕτερον.	 ἕτερον	 ἕτερον	 ἕτερος
007.03	 οὖν.	 οὖν	 οὖν	 οὖν
008.03	 ἄλλος;	 ἄλλος	 ἄλλος	 ἄλλος
009.02	 γε.	 γε	 γέ	 γε
010.02	 οὗτος;	 οὗτος	 οὗτος	 οὗτος
011.16	 ἀγνώς·	 ἀγνώς	 ἀγνώς	 ἀγνώς
012.06	 Μέλητον.	 Μέλητον	 Μέλητον	 Μέλητος
013.19	 δέ.	 δέ	 δέ	 δέ
014.04	 Σώκρατες·	 Σώκρατες	 Σώκρατες	 Σωκράτης
015.06	 γέγραπται;	 γέγραπται	 γέγραπται	 γράφω
016.01	 ἥντινα;	 ἥντινα	 ἥντινα	 ὅστις
017.04	 δοκεῖ·	 δοκεῖ	 δοκεῖ	 δοκέω
018.10	 ἐστιν.	 ἐστιν	 ἐστίν	 εἰμί
019.15	 αὐτούς.	 αὐτούς	 αὐτούς	 αὐτός
020.24	 πόλιν.	 πόλιν	 πόλιν	 πόλις
021.08	 ὀρθῶς·	 ὀρθῶς	 ὀρθῶς	 ὀρθός
022.26	 ἄλλων.	 ἄλλων	 ἄλλων	 ἄλλος
023.17	 φησιν·	 φησιν	 φησίν	 φημί
024.25	 ἀρξαμένῳ.	 ἀρξαμένῳ	 ἀρξαμένῳ	 ἄρχω
025.09	 γένηται·	 γένηται	 γένηται	 γίγνομαι
026.13	 σέ.	 σέ	 σέ	 σύ
027.11	 νέους;	 νέους	 νέους	 νέος
028.07	 ἀκοῦσαι.	 ἀκοῦσαι	 ἀκοῦσαι	 ἀκέω
029.22	 φησιν.	 φησιν	 φησίν	 φημί
030.03	 Σώκρατες·	 Σώκρατες	 Σώκρατες	 Σωκράτης
031.09	 γίγνεσθαι.	 γίγνεσθαι	 γίγνεσθαι	 γίγνομαι
032.27	 πολλούς.	 πολλούς	 πολλούς	 πολύς
033.20	 μαινομένου·	 μαινομένου	 μαινομένου	 μαίνομαι
034.15	 τοιούτοις.	 τοιούτοις	 τοιούτοις	 τοιοῦτος
035.08	 ἰέναι.	 ἰέναι	 ἰέναι	 εἶμι
036.10	 πρᾶγμα.	 πρᾶγμα	 πρᾶγμα	 πρᾶγμα
037.20	 σοφίας·	 σοφίας	 σοφίας	 σοφία
038.19	 τι.	 τι	 τὶ	 τις
039.12	 πειραθῆναι.	 πειραθῆναι	 πειραθῆναι	 πειράω
040.15	 σοφίαν·	 σοφίαν	 σοφίαν	 σοφία
041.28	 ἀκούειν.	 ἀκούειν	 ἀκούειν	 ἀκούω
042.24	 διαγαγεῖν·	 διαγαγεῖν	 διαγαγεῖν	 διάγω
043.12	 μάντεσιν.	 μάντεσιν	 μάντεσιν	 μάντις
044.21	 ἐμήν.	 ἐμήν	 ἐμήν	 ἐμός
045.09	 δίκη;	 δίκη	 δίκη	 δίκη
046.04	 διώκεις;	 διώκεις	 διώκεις	 διώκω
047.01	 διώκω.	 διώκω	 διώκω	 διώκω
048.01	 τίνα;	 τίνα	 τίνα	 τίς
049.05	 μαίνεσθαι.	 μαίνεσθαι	 μαίνεσθαι	 μαίνομαι
050.02	 δέ;	 δέ	 δέ	 δέ
051.03	 διώκεις;	 διώκεις	 διώκεις	 διώκω
052.11	 πρεσβύτης.	 πρεσβύτης	 πρεσβύτης	 πρεσβύτης
053.02	 οὗτος;	 οὗτος	 οὗτος	 οὗτος
054.03	 πατήρ.	 πατήρ	 πατήρ	 πατήρ
055.04	 βέλτιστε;	 βέλτιστε	 βέλτιστε	 βέλτιστος
056.03	 οὖν.	 οὖν	 οὖν	 οὖν
057.09	 δίκη;	 δίκη	 δίκη	 δίκη
058.03	 Σώκρατες.	 Σώκρατες	 Σώκρατες	 Σωκράτης
059.01	 Ἡράκλεις.	 Ἡράκλεις	 Ἡράκλεις	 Ἡρακλέης
060.12	 ἔχει·	 ἔχει	 ἔχει	 ἔχω
061.14	 σοφίας	 ἐλαύνοντος	 ἐλαύνοντος	 ἐλαύνω
062.06	 Σώκρατες.	 Σώκρατες	 Σώκρατες	 Σωκράτης
063.12	 πατρός;	 πατρός	 πατρός	 πατήρ
064.03	 δή;	 δή	 δή	 δή
065.10	 αὐτῷ.	 αὐτῷ	 αὐτῷ	 αὐτός
066.45	 ᾖ·	 ᾖ	 ᾖ	 εἰμί
067.20	 ἐπεξιών.	 ἐπεξιών	 ἐπεξιών	 ἐπέξειμι
068.18	 ἡμῖν.	 ἡμῖν	 ἡμῖν	 ἐγώ
069.11	 αὐτόν.	 αὐτόν	 αὐτόν	 αὐτός
070.23	 ποιεῖν.	 ποιεῖν	 ποιεῖν	 ποιέω
071.24	 ἔπαθεν·	 ἔπαθεν	 ἔπαθεν	 πάσχω
072.16	 ἀφικέσθαι.	 ἀφικέσθαι	 ἀφικέσθαι	 ἀφικνέομαι
073.65	 ἀνοσίου.	 ἀνοσίου	 ἀνοσίου	 ἀνόσιος
074.42	 πράττων;	 πράττων	 πράττων	 πράσσω
075.23	 εἰδείην.	 εἰδείην	 εἰδείην	 οἶδα
076.74	 μὴ	 δικάζου	 δικάζου	 δικάζω
077.53	 αὐτόν;	 αὐτόν	 αὐτόν	 αὐτός
078.32	 ἐμοῦ.	 ἐμοῦ	 ἐμοῦ	 ἐγώ
079.37	 ἀσεβείας	 ἐγράψατο	 ἐγράψατο	 γράφω
080.27	 ἄλλων;	 ἄλλων	 ἄλλων	 ἄλλος
081.38	 εἶναι;	 εἶναι	 εἶναι	 εἰμί
082.04	 Σώκρατες.	 Σώκρατες	 Σώκρατες	 Σωκράτης
083.11	 ἀνόσιον;	 ἀνόσιον	 ἀνόσιον	 ἀνόσιος
084.41	 ἀνόσιον·	 ἀνόσιον	 ἀνόσιον	 ἀνόσιος
085.35	 ὤν.	 ὤν	 ὤν	 εἰμί
086.37	 τοιαῦτα·	 τοιαῦτα	 τοιαῦτα	 τοιοῦτος
087.22	 ἐμοῦ.	 ἐμοῦ	 ἐμοῦ	 ἐγώ
088.22	 πως	 ἀποδέχομαι	 ἀποδέχομαι	 ἀποδέχομαι
089.08	 ἐξαμαρτάνειν.	 ἐξαμαρτάνειν	 ἐξαμαρτάνειν	 ἐξαμαρτάνω
090.20	 συγχωρεῖν.	 συγχωρεῖν	 συγχωρεῖν	 συγχωρέω
091.13	 εἰδέναι;	 εἰδέναι	 εἰδέναι	 οἶδα
092.12	 γεγονέναι;	 γεγονέναι	 γεγονέναι	 γίγνομαι
093.12	 ἴσασιν.	 ἴσασιν	 ἴσασιν	 οἶδα
094.56	 ἀκρόπολιν;	 ἀκρόπολιν	 ἀκρόπολιν	 ἀκρόπολις
095.06	 Εὐθύφρων;	 Εὐθύφρων	 Εὐθύφρων	 εὐθύφρων
096.27	 ἐκπλαγήσῃ.	 ἐκπλαγήσῃ	 ἐκπλαγήσῃ	 ἐκπλάσσω
097.03	 θαυμάζοιμι.	 θαυμάζοιμι	 θαυμάζοιμι	 θαυμάζω
098.09	 διηγήσῃ·	 διηγήσῃ	 διηγήσῃ	 διηγέομαι
099.09	 εἰπεῖν.	 εἰπεῖν	 εἰπεῖν	 εἶπον
100.31	 πατρί.	 πατρί	 πατρί	 πατήρ
101.06	 Σώκρατες.	 Σώκρατες	 Σώκρατες	 Σωκράτης
102.01	 ἴσως.	 ἴσως	 ἴσως	 ἴσως
103.10	 ὅσια.	 ὅσια	 ὅσια	 ὅσιος
104.03	 ἔστιν.	 ἔστιν	 ἔστιν	 εἰμί
105.27	 ἐστιν;	 ἐστιν	 ἐστίν	 εἰμί
106.14	 ὅσια·	 ὅσια	 ὅσια	 ὅσιος
107.03	 μνημονεύεις;	 μνημονεύεις	 μνημονεύεις	 μνημονεύω
108.01	 ἔγωγε.	 ἔγωγε	 ἔγωγε	 ἐγώ
109.41	 φῶ.	 φῶ	 φῶ	 φημί
110.10	 φράσω.	 φράσω	 φράσω	 φράζω
111.04	 γε.	 γε	 γέ	 γε
112.13	 ἀνόσιον.	 ἀνόσιον	 ἀνόσιον	 ἀνόσιος
113.12	 ἀπεκρίνω.	 ἀπεκρίνω	 ἀπεκρίνω	 ἀποκρίνω
114.16	 λέγεις.	 λέγεις	 λέγεις	 λέγω
115.03	 οὖν.	 οὖν	 οὖν	 οὖν
116.05	 λέγομεν.	 λέγομεν	 λέγομεν	 λέγω
117.15	 ἀνόσιος·	 ἀνόσιος	 ἀνόσιος	 ἀνόσιος
118.11	 ἀνοσίῳ·	 ἀνοσίῳ	 ἀνοσίῳ	 ἀνόσιος
119.02	 οὕτως;	 οὕτως	 οὕτως	 οὕτως
120.03	 οὖν.	 οὖν	 οὖν	 οὖν
121.05	 εἰρῆσθαι;	 εἰρῆσθαι	 εἰρῆσθαι	 ἐρῶ
122.03	 Σώκρατες.	 Σώκρατες	 Σώκρατες	 Σωκράτης
123.22	 εἴρηται;	 εἴρηται	 εἴρηται	 ἔρομαι
124.02	 γάρ.	 γάρ	 γάρ	 γάρ
125.11	 ποιεῖ;	 ποιεῖ	 ποιεῖ	 ποιέω
126.03	 σκοπῶμεν.	 σκοπῶμεν	 σκοπῶμεν	 σκοπάω
127.34	 ἀπαλλαγεῖμεν;	 ἀπαλλαγεῖμεν	 ἀπαλλαγεῖμεν	 ἀπαλλάσσω
128.02	 γε.	 γε	 γέ	 γε
129.18	 διαφορᾶς;	 διαφορᾶς	 διαφορᾶς	 διαφορά
130.02	 ταῦτα.	 ταῦτα	 ταῦτα	 οὗτος
131.16	 ἄν;	 ἄν	 ἄν	 ἄν
132.03	 οὔ;	 οὔ	 οὔ	 οὐ
133.19	 ὀργιζοίμεθα;	 ὀργιζοίμεθα	 ὀργιζοίμεθα	 ὀργίζω
134.26	 κακόν.	 κακόν	 κακόν	 κακός
135.29	 πάντες;	 πάντες	 πάντες	 πᾶς
136.10	 τούτων.	 τούτων	 τούτων	 οὗτος
137.06	 Εὐθύφρων;	 Εὐθύφρων	 Εὐθύφρων	 εὐθύφρων
138.09	 ἄν;	 ἄν	 ἄν	 ἄν
139.02	 ἀνάγκη.	 ἀνάγκη	 ἀνάγκη	 ἀνάγκη
140.23	 κακά·	 κακά	 κακά	 κακός
141.11	 διεφέροντο·	 διεφέροντο	 διεφέροντο	 διαφέρω
142.02	 γάρ;	 γάρ	 γάρ	 γάρ
143.02	 λέγεις.	 λέγεις	 λέγεις	 λέγω
144.17	 μισοῦσιν;	 μισοῦσιν	 μισοῦσιν	 μισέω
145.02	 γε.	 γε	 γέ	 γε
146.22	 ἀλλήλοις·	 ἀλλήλοις	 ἀλλήλοις	 ἀλλήλων
147.03	 οὕτω;	 οὕτω	 οὕτω	 οὕτως
148.01	 οὕτω.	 οὕτω	 οὕτω	 οὕτως
149.19	 εἴη.	 εἴη	 εἴη	 ἀίω
150.01	 ἔοικεν.	 ἔοικεν	 ἔοικεν	 ἔοικα
151.14	 λόγῳ.	 λόγῳ	 λόγῳ	 λόγος
152.01	 κινδυνεύει.	 κινδυνεύει	 κινδυνεύει	 κινδυνεύω
153.07	 θαυμάσιε.	 θαυμάσιε	 θαυμάσιε	 θαυμάσιος
154.13	 ἀνόσιον·	 ἀνόσιον	 ἀνόσιον	 ἀνόσιος
155.10	 ἔοικεν.	 ἔοικεν	 ἔοικεν	 ἔοικα
156.52	 αὐτά.	 αὐτά	 αὐτά	 αὐτός
157.24	 ἀποκτείνῃ.	 ἀποκτείνῃ	 ἀποκτείνῃ	 ἀποκτείνω
158.02	 δέ;	 δέ	 δέ	 δέ
159.20	 διδόναι;	 διδόναι	 διδόναι	 δίδωμι
160.12	 δικαστηρίοις·	 δικαστηρίοις	 δικαστηρίοις	 δικαστήριον
161.10	 δίκην.	 δίκην	 δίκην	 δίκη
162.15	 δίκην;	 δίκην	 δίκην	 δίκη
163.03	 γε.	 γε	 γέ	 γε
164.07	 λέγουσι·	 λέγουσι	 λέγουσι	 λέγω
165.20	 ἀδικεῖν·	 ἀδικεῖν	 ἀδικεῖν	 ἀδικέω
166.02	 γάρ;	 γάρ	 γάρ	 γάρ
167.02	 λέγεις.	 λέγεις	 λέγεις	 λέγω
168.26	 πότε.	 πότε	 πότε	 πότε
169.02	 λέγεις.	 λέγεις	 λέγεις	 λέγω
170.29	 φασιν;	 φασιν	 φασίν	 φημί
171.20	 δίκην.	 δίκην	 δίκην	 δίκη
172.10	 κεφάλαιον.	 κεφάλαιον	 κεφάλαιον	 κεφάλαιος
173.18	 θεοί·	 θεοί	 θεοί	 θεός
174.13	 ἀδίκως·	 ἀδίκως	 ἀδίκως	 ἄδικος
175.03	 οὕτω;	 οὕτω	 οὕτω	 οὕτως
176.02	 γε.	 γε	 γέ	 γε
177.65	 πατρί;	 πατρί	 πατρί	 πατήρ
178.19	 πρᾶξιν·	 πρᾶξιν	 πρᾶξιν	 πρᾶξις
179.10	 παύσομαι.	 παύσομαι	 παύσομαι	 παύω
180.16	 σοι.	 σοι	 σοι	 σύ
181.01	 μανθάνω·	 μανθάνω	 μανθάνω	 μανθάνω
182.24	 μισοῦσιν.	 μισοῦσιν	 μισοῦσιν	 μισέω
183.10	 λέγοντος.	 λέγοντος	 λέγοντος	 λέγω
184.02	 ἀκούσονται.	 ἀκούσονται	 ἀκούσονται	 ἀκούω
185.04	 λέγειν.	 λέγειν	 λέγειν	 λέγω
186.10	 σκοπῶ·	 σκοπῶ	 σκοπῶ	 σκοπάω
187.31	 ἀνόσιον;	 ἀνόσιον	 ἀνόσιον	 ἀνόσιος
188.10	 ἄν.	 ἄν	 ἄν	 ἄν
189.11	 μή·	 μή	 μή	 μή
190.07	 ἐφάνη.	 ἐφάνη	 ἐφάνη	 φαίνω
191.07	 Εὐθύφρων·	 Εὐθύφρων	 Εὐθύφρων	 εὐθύφρων
192.10	 μισούντων.	 μισούντων	 μισούντων	 μισέω
193.24	 ὅσιον·	 ὅσιον	 ὅσιον	 ὅσιος
194.24	 ἀνοσίου;	 ἀνοσίου	 ἀνοσίου	 ἀνόσιος
195.05	 Σώκρατες;	 Σώκρατες	 Σώκρατες	 Σωκράτης
196.20	 ὑπέσχου.	 ὑπέσχου	 ὑπέσχου	 ὑπέχω
197.23	 ἀνόσιον.	 ἀνόσιον	 ἀνόσιον	 ἀνόσιος
198.29	 ἔχειν;	 ἔχειν	 ἔχειν	 ἔχω
199.06	 λέγων;	 λέγων	 λέγων	 λέγω
200.01	 σκεπτέον·	 σκεπτέον	 σκεπτέον	 σκεπτέος
201.07	 λέγεσθαι.	 λέγεσθαι	 λέγεσθαι	 λέγω
202.04	 εἰσόμεθα.	 εἰσόμεθα	 εἰσόμεθα	 εἶμι
203.04	 τοιόνδε·	 τοιόνδε	 τοιόνδε	 τοιόσδε
204.15	 ἐστιν;	 ἐστιν	 ἐστίν	 εἰμί
205.06	 Σώκρατες.	 Σώκρατες	 Σώκρατες	 Σωκράτης
206.05	 φράσαι.	 φράσαι	 φράσαι	 φράζω
207.25	 ἕτερα;	 ἕτερα	 ἕτερα	 ἕτερος
208.04	 μανθάνειν.	 μανθάνειν	 μανθάνειν	 μανθάνω
209.10	 φιλοῦν;	 φιλοῦν	 φιλοῦν	 φιλέω
210.03	 οὔ;	 οὔ	 οὔ	 οὐ
211.14	 τι;	 τι	 τὶ	 τις
212.04	 τοῦτο.	 τοῦτο	 τοῦτο	 οὗτος
213.11	 ὁρᾶται;	 ὁρᾶται	 ὁρᾶται	 ὁράω
214.02	 γε.	 γε	 γέ	 γε
215.17	 ὁρώμενον·	 ὁρώμενον	 ὁρώμενον	 ὁράω
216.13	 ἀγόμενον·	 ἀγόμενον	 ἀγόμενον	 ἄγω
217.08	 φερόμενον.	 φερόμενον	 φερόμενον	 φέρω
218.07	 λέγειν;	 λέγειν	 λέγειν	 λέγω
219.20	 ἐστιν·	 ἐστιν	 ἐστίν	 εἰμί
220.10	 ἐστίν·	 ἐστίν	 ἐστίν	 εἰμί
221.04	 οὕτω;	 οὕτω	 οὕτω	 οὕτως
222.01	 ἔγωγε.	 ἔγωγε	 ἔγωγε	 ἐγώ
223.13	 του;	 του	 του	 τις
224.02	 γε.	 γε	 γέ	 γε
225.08	 πρότερα·	 πρότερα	 πρότερα	 πρότερος
226.12	 φιλούμενον;	 φιλούμενον	 φιλούμενον	 φιλέω
227.01	 ἀνάγκη.	 ἀνάγκη	 ἀνάγκη	 ἀνάγκη
228.09	 Εὐθύφρων;	 Εὐθύφρων	 Εὐθύφρων	 εὐθύφρων
229.10	 λόγος;	 λόγος	 λόγος	 λόγος
230.01	 ναί.	 ναί	 ναί	 ναί
231.10	 τι;	 τι	 τὶ	 τις
232.04	 τοῦτο.	 τοῦτο	 τοῦτο	 οὗτος
233.13	 ἐστιν;	 ἐστιν	 ἐστίν	 εἰμί
234.01	 ἔοικεν.	 ἔοικεν	 ἔοικεν	 ἔοικα
235.12	 θεοφιλές.	 θεοφιλές	 θεοφιλές	 θεοφιλής
236.03	 οὔ;	 οὔ	 οὔ	 οὐ
237.19	 τούτου.	 τούτου	 τούτου	 οὗτος
238.04	 Σώκρατες;	 Σώκρατες	 Σώκρατες	 Σωκράτης
239.17	 εἶναι·	 εἶναι	 εἶναι	 εἰμί
240.02	 γάρ;	 γάρ	 γάρ	 γάρ
241.01	 ναί.	 ναί	 ναί	 ναί
242.21	 φιλεῖσθαι.	 φιλεῖσθαι	 φιλεῖσθαι	 φιλέω
243.02	 λέγεις.	 λέγεις	 λέγεις	 λέγω
244.51	 ἦν·	 ἦν	 ἦν	 εἰμί
245.11	 ἀλλήλων.	 ἀλλήλων	 ἀλλήλων	 ἀλλήλων
246.08	 φιλεῖσθαι·	 φιλεῖσθαι	 φιλεῖσθαι	 φιλέω
247.09	 φιλεῖται.	 φιλεῖται	 φιλεῖται	 φιλέω
248.33	 θεῶν·	 θεῶν	 θεῶν	 θέα
249.05	 εἶπες.	 εἶπες	 εἶπες	 εἶπον
250.40	 ἀνόσιον;	 ἀνόσιον	 ἀνόσιον	 ἀνόσιος
251.11	 νοῶ·	 νοῶ	 νοῶ	 νοέω
252.16	 αὐτό.	 αὐτό	 αὐτό	 αὐτός
253.12	 λεγόμενα.	 λεγόμενα	 λεγόμενα	 λέγω
254.35	 θῇ·	 θῇ	 θῇ	 θάομαι
255.07	 εἰσίν.	 εἰσίν	 εἰσίν	 εἰμί
256.05	 σκώμματος·	 σκώμματος	 σκώμματος	 σκῶμμα
257.10	 δοκεῖ.	 δοκεῖ	 δοκεῖ	 δοκέω
258.13	 λεγόμενα·	 λεγόμενα	 λεγόμενα	 λέγω
259.30	 οὕτως.	 οὕτως	 οὕτως	 οὕτως
260.31	 ἀλλότρια.	 ἀλλότρια	 ἀλλότρια	 ἀλλότριος
261.12	 σοφός·	 σοφός	 σοφός	 σοφός
262.20	 γενέσθαι.	 γενέσθαι	 γενέσθαι	 γίγνομαι
263.04	 ἅδην·	 ἅδην	 ἅδην	 ἅδην
264.16	 τοῦ	 ὁσίου	 ὁσίου	 ὅσιος
265.03	 προαποκάμῃς·	 προαποκάμῃς	 προαποκάμῃς	 προαποκάμνω
266.12	 ὅσιον.	 ὅσιον	 ὅσιον	 ὅσιος
267.01	 ἔμοιγε.	 ἔμοιγε	 ἔμοιγε	 ἐγώ
268.07	 ὅσιον;	 ὅσιον	 ὅσιον	 ὅσιος
269.22	 ἄλλο;	 ἄλλο	 ἄλλο	 ἄλλος
270.06	 λεγομένοις.	 λεγομένοις	 λεγομένοις	 λέγω
271.11	 σοφώτερος·	 σοφώτερος	 σοφώτερος	 σοφός
272.08	 σοφίας.	 σοφίας	 σοφίας	 σοφία
273.05	 σαυτόν·	 σαυτόν	 σαυτόν	 σαυτοῦ
274.07	 λέγω.	 λέγω	 λέγω	 λέγω
275.23	 ἐθέλει	 νεικεῖν	 νεικεῖν	 νεικέω
276.06	 αἰδώς.	 αἰδώς	 αἰδώς	 αἰδώς
277.06	 ποιητῇ.	 ποιητῇ	 ποιητῇ	 ποιητής
278.03	 ὅπῃ;	 ὅπῃ	 ὅπῃ	 ὅπη
281.02	 δοκεῖ	 γε	 γέ	 γε
282.30	 δεδίασιν·	 δεδίασιν	 δεδίασιν	 δείδω
283.04	 δοκεῖ;	 δοκεῖ	 δοκεῖ	 δοκέω
284.02	 γε.	 γε	 γέ	 γε
285.08	 εἶναι·	 εἶναι	 εἶναι	 εἰμί
286.16	 πονηρίας;	 πονηρίας	 πονηρίας	 πονηρία
287.03	 οὖν.	 οὖν	 οὖν	 οὖν
288.05	 λέγειν·	 λέγειν	 λέγειν	 λέγω
289.20	 αἰδώς·	 αἰδώς	 αἰδώς	 αἰδώς
290.06	 αἰδοῦς.	 αἰδοῦς	 αἰδοῦς	 αἰδώ
291.20	 ἀριθμός.	 ἀριθμός	 ἀριθμός	 ἀριθμός
292.05	 γε;	 γε	 γέ	 γε
293.02	 γε.	 γε	 γέ	 γε
294.07	 ἠρώτων·	 ἠρώτων	 ἠρώτων	 ἐρωτάω
295.06	 ὅσιον;	 ὅσιον	 ὅσιον	 ὅσιος
296.13	 ὅσιον·	 ὅσιον	 ὅσιον	 ὅσιος
297.06	 ὅσιον;	 ὅσιον	 ὅσιον	 ὅσιος
298.06	 δοκεῖ;	 δοκεῖ	 δοκεῖ	 δοκέω
299.03	 οὕτω.	 οὕτω	 οὕτω	 οὕτως
300.05	 λέγειν.	 λέγειν	 λέγειν	 λέγω
301.05	 τοῦτο.	 τοῦτο	 τοῦτο	 οὗτος
302.22	 ὅσιον.	 ὅσιον	 ὅσιον	 ὅσιος
303.33	 ἰσοσκελής·	 ἰσοσκελής	 ἰσοσκελής	 ἰσοσκελής
304.04	 σοι;	 σοι	 σοι	 σύ
305.01	 ἔμοιγε.	 ἔμοιγε	 ἔμοιγε	 ἐγώ
306.38	 μή.	 μή	 μή	 μή
307.33	 μέρος.	 μέρος	 μέρος	 μέρος
308.14	 εἰμι·	 εἰμι	 εἰμί	 εἰμί
309.07	 ὀνομάζεις.	 ὀνομάζεις	 ὀνομάζεις	 ὀνομάζω
310.30	 ἱππικός·	 ἱππικός	 ἱππικός	 ἱππικός
311.02	 γάρ;	 γάρ	 γάρ	 γάρ
312.02	 γε.	 γε	 γέ	 γε
313.06	 θεραπεία.	 θεραπεία	 θεραπεία	 θεραπεία
314.01	 ναί.	 ναί	 ναί	 ναί
315.09	 κυνηγετικός.	 κυνηγετικός	 κυνηγετικός	 κυνηγετικός
316.01	 οὕτω.	 οὕτω	 οὕτω	 οὕτως
317.06	 θεραπεία.	 θεραπεία	 θεραπεία	 θεραπεία
318.01	 ναί.	 ναί	 ναί	 ναί
319.05	 βοῶν.	 βοῶν	 βοῶν	 βόα
320.02	 γε.	 γε	 γέ	 γε
321.10	 Εὐθύφρων;	 Εὐθύφρων	 Εὐθύφρων	 εὐθύφρων
322.02	 λέγεις;	 λέγεις	 λέγεις	 λέγω
323.01	 ἔγωγε.	 ἔγωγε	 ἔγωγε	 ἐγώ
324.06	 διαπράττεται;	 διαπράττεται	 διαπράττεται	 διαπράσσω
325.02	 τοιόνδε·	 τοιόνδε	 τοιόνδε	 τοιόσδε
326.22	 γίγνονται·	 γίγνονται	 γίγνονται	 γίγνομαι
327.04	 σοι;	 σοι	 σοι	 σύ
328.01	 ἔμοιγε.	 ἔμοιγε	 ἔμοιγε	 ἐγώ
329.18	 ὡσαύτως·	 ὡσαύτως	 ὡσαύτως	 ὡσαύτως
330.09	 εἶναι;	 εἶναι	 εἶναι	 εἰμί
331.04	 ἔγωγε.	 ἔγωγε	 ἔγωγε	 ἐγώ
332.03	 ὠφελίᾳ;	 ὠφελίᾳ	 ὠφελίᾳ	 ὠφέλεια
333.03	 οὔ;	 οὔ	 οὔ	 οὐ
334.17	 ποιεῖ;	 ποιεῖ	 ποιεῖ	 ποιέω
335.15	 ἀπεργάζῃ;	 ἀπεργάζῃ	 ἀπεργάζῃ	 ἀπεργάζομαι
336.04	 ἔγωγε.	 ἔγωγε	 ἔγωγε	 ἐγώ
337.30	 λέγειν.	 λέγειν	 λέγειν	 λέγω
338.05	 Σώκρατες·	 Σώκρατες	 Σώκρατες	 Σωκράτης
339.04	 λέγω.	 λέγω	 λέγω	 λέγω
340.01	 εἶεν·	 εἶεν	 εἶεν	 εἰμί
341.09	 ὁσιότης;	 ὁσιότης	 ὁσιότης	 ὁσιότης
342.08	 θεραπεύουσιν.	 θεραπεύουσιν	 θεραπεύουσιν	 θεραπεύω
343.01	 μανθάνω·	 μανθάνω	 μανθάνω	 μανθάνω
344.07	 θεοῖς.	 θεοῖς	 θεοῖς	 θεός
345.03	 οὖν.	 οὖν	 οὖν	 οὖν
346.14	 ὑπηρετική;	 ὑπηρετική	 ὑπηρετική	 ὑπηρετικός
347.04	 οἴει;	 οἴει	 οἴει	 οἴομαι
348.01	 ἔγωγε.	 ἔγωγε	 ἔγωγε	 ἐγώ
349.05	 ὑπηρετική;	 ὑπηρετική	 ὑπηρετική	 ὑπηρετικός
350.06	 ἐστιν;	 ἐστιν	 ἐστίν	 εἰμί
351.06	 πλοίου.	 πλοίου	 πλοίου	 πλοῖον
352.07	 οἰκίας;	 οἰκίας	 οἰκίας	 οἰκία
353.01	 ναί.	 ναί	 ναί	 ναί
354.04	 ἄριστε·	 ἄριστε	 ἄριστε	 ἄριστος
355.11	 εἴη;	 εἴη	 εἴη	 ἀίω
356.13	 ἀνθρώπων.	 ἀνθρώπων	 ἀνθρώπων	 ἄνθρωπος
357.06	 Σώκρατες.	 Σώκρατες	 Σώκρατες	 Σωκράτης
358.18	 χρώμενοι;	 χρώμενοι	 χρώμενοι	 χράομαι
359.05	 Σώκρατες.	 Σώκρατες	 Σώκρατες	 Σωκράτης
360.06	 φίλε·	 φίλε	 φίλε	 φίλος
361.14	 ἀπεργάζονται·	 ἀπεργάζονται	 ἀπεργάζονται	 ἀπεργάζομαι
362.02	 οὔ;	 οὔ	 οὔ	 οὐ
363.03	 οὔ;	 οὔ	 οὔ	 οὐ
364.09	 γεωργοί·	 γεωργοί	 γεωργοί	 γεωργός
365.13	 τροφή.	 τροφή	 τροφή	 τροφή
366.02	 γε.	 γε	 γέ	 γε
367.11	 ἀπεργάζονται;	 ἀπεργάζονται	 ἀπεργάζονται	 ἀπεργάζομαι
368.06	 ἐργασίας;	 ἐργασίας	 ἐργασίας	 ἐργασία
369.17	 μαθεῖν·	 μαθεῖν	 μαθεῖν	 μανθάνω
370.38	 πόλεων·	 πόλεων	 πόλεων	 πόλις
371.13	 ἀπόλλυσιν.	 ἀπόλλυσιν	 ἀπόλλυσιν	 ἀπόλλυμι
372.15	 ἠρώτων·	 ἠρώτων	 ἠρώτων	 ἐρωτάω
373.09	 εἶ.	 εἶ	 εἶ	 εἶμι
374.19	 ἐμεμαθήκη.	 ἐμεμαθήκη	 ἐμεμαθήκη	 μανθάνω
375.23	 ὁσιότητα;	 ὁσιότητα	 ὁσιότητα	 ὁσιότης
376.08	 εὔχεσθαι;	 εὔχεσθαι	 εὔχεσθαι	 εὔχομαι
377.01	 ἔγωγε.	 ἔγωγε	 ἔγωγε	 ἐγώ
378.13	 θεούς;	 θεούς	 θεούς	 θεός
379.04	 Σώκρατες.	 Σώκρατες	 Σώκρατες	 Σωκράτης
380.13	 λόγου.	 λόγου	 λόγου	 λόγος
381.07	 εἶπον.	 εἶπον	 εἶπον	 εἶπον
382.20	 εἴπῃς.	 εἴπῃς	 εἴπῃς	 εἶπον
383.10	 θεοῖς;	 θεοῖς	 θεοῖς	 θεός
384.07	 ἐκείνοις;	 ἐκείνοις	 ἐκείνοις	 ἐκεῖνος
385.01	 ἔγωγε.	 ἔγωγε	 ἔγωγε	 ἐγώ
386.16	 αἰτεῖν;	 αἰτεῖν	 αἰτεῖν	 αἰτέω
387.02	 τί;	 τί	 τί	 τίς
388.15	 ἀντιδωρεῖσθαι;	 ἀντιδωρεῖσθαι	 ἀντιδωρεῖσθαι	 ἀντιδωρέομαι
389.14	 δεῖται.	 δεῖται	 δεῖται	 δέομαι
390.04	 Σώκρατες.	 Σώκρατες	 Σώκρατες	 Σωκράτης
391.15	 ἀλλήλων.	 ἀλλήλων	 ἀλλήλων	 ἀλλήλων
392.06	 ὀνομάζειν.	 ὀνομάζειν	 ὀνομάζειν	 ὀνομάζω
393.09	 ὄν.	 ὄν	 ὄν	 εἰμί
394.17	 λαμβάνουσιν;	 λαμβάνουσιν	 λαμβάνουσιν	 λαμβάνω
395.06	 δῆλον·	 δῆλον	 δῆλον	 δῆλος
396.10	 δῶσιν.	 δῶσιν	 δῶσιν	 δίδωμι
397.07	 ὠφελοῦνται;	 ὠφελοῦνται	 ὠφελοῦνται	 ὠφελέω
398.19	 οὐδέν;	 οὐδέν	 οὐδέν	 οὐδείς
399.13	 λαμβάνουσιν;	 λαμβάνουσιν	 λαμβάνουσιν	 λαμβάνω
400.14	 θεοῖς;	 θεοῖς	 θεοῖς	 θεός
401.15	 χάρις;	 χάρις	 χάρις	 χάρις
402.14	 θεοῖς;	 θεοῖς	 θεοῖς	 θεός
403.06	 φίλον.	 φίλον	 φίλον	 φίλος
404.12	 φίλον.	 φίλον	 φίλον	 φίλος
405.02	 γε.	 γε	 γέ	 γε
406.32	 ποιῶν;	 ποιῶν	 ποιῶν	 ποιέω
407.12	 ἥκει;	 ἥκει	 ἥκει	 ἥκω
408.20	 ἀλλήλων·	 ἀλλήλων	 ἀλλήλων	 ἀλλήλων
409.03	 μέμνησαι;	 μέμνησαι	 μέμνησαι	 μιμνήσκω
410.01	 ἔγωγε.	 ἔγωγε	 ἔγωγε	 ἐγώ
411.12	 εἶναι;	 εἶναι	 εἶναι	 εἰμί
412.07	 γίγνεται;	 γίγνεται	 γίγνεται	 γίγνομαι
413.02	 οὔ;	 οὔ	 οὔ	 οὐ
414.02	 γε.	 γε	 γέ	 γε
415.14	 τιθέμεθα.	 τιθέμεθα	 τιθέμεθα	 τίθημι
416.01	 ἔοικεν.	 ἔοικεν	 ἔοικεν	 ἔοικα
417.19	 ἀποδειλιάσω.	 ἀποδειλιάσω	 ἀποδειλιάσω	 ἀποδειλιάω
418.16	 ἀλήθειαν·	 ἀλήθειαν	 ἀλήθειαν	 ἀλήθεια
419.16	 εἴπῃς.	 εἴπῃς	 εἴπῃς	 εἶπον
420.41	 ᾐσχύνθης·	 ᾐσχύνθης	 ᾐσχύνθης	 αἰσχύνω
421.13	 μή.	 μή	 μή	 μή
422.11	 ἡγῇ.	 ἡγῇ	 ἡγῇ	 ἡγέομαι
423.05	 Σώκρατες·	 Σώκρατες	 Σώκρατες	 Σωκράτης
424.08	 ἀπιέναι.	 ἀπιέναι	 ἀπιέναι	 ἄπειμι
425.04	 ἑταῖρε.	 ἑταῖρε	 ἑταῖρε	 ἑταῖρος
426.52	 βιωσοίμην.	 βιωσοίμην	 βιωσοίμην	 βιόω
